{
  "Total" : {
    "transaction" : "Total",
    "sampleCount" : 3000,
    "errorCount" : 5,
    "errorPct" : 0.16666667,
    "meanResTime" : 2417.8719999999994,
    "medianResTime" : 1436.5,
    "minResTime" : 19.0,
    "maxResTime" : 14418.0,
    "pct1ResTime" : 6622.700000000001,
    "pct2ResTime" : 7696.0,
    "pct3ResTime" : 10236.839999999997,
    "throughput" : 38.2907030173074,
    "receivedKBytesPerSec" : 1890.6258226518228,
    "sentKBytesPerSec" : 9.789170292317609
  },
  "HTTP Request" : {
    "transaction" : "HTTP Request",
    "sampleCount" : 3000,
    "errorCount" : 5,
    "errorPct" : 0.16666667,
    "meanResTime" : 2417.8719999999994,
    "medianResTime" : 1436.5,
    "minResTime" : 19.0,
    "maxResTime" : 14418.0,
    "pct1ResTime" : 6622.700000000001,
    "pct2ResTime" : 7696.0,
    "pct3ResTime" : 10236.839999999997,
    "throughput" : 38.2907030173074,
    "receivedKBytesPerSec" : 1890.6258226518228,
    "sentKBytesPerSec" : 9.789170292317609
  }
}