{
  "Total" : {
    "transaction" : "Total",
    "sampleCount" : 14400,
    "errorCount" : 745,
    "errorPct" : 5.173611,
    "meanResTime" : 17360.48249999996,
    "medianResTime" : 9604.5,
    "minResTime" : 36.0,
    "maxResTime" : 93688.0,
    "pct1ResTime" : 53182.299999999996,
    "pct2ResTime" : 64207.899999999994,
    "pct3ResTime" : 79494.94,
    "throughput" : 32.04564724418561,
    "receivedKBytesPerSec" : 7466.199570179411,
    "sentKBytesPerSec" : 8.160082785979585
  },
  "HTTP Request" : {
    "transaction" : "HTTP Request",
    "sampleCount" : 14400,
    "errorCount" : 745,
    "errorPct" : 5.173611,
    "meanResTime" : 17360.48249999996,
    "medianResTime" : 9604.5,
    "minResTime" : 36.0,
    "maxResTime" : 93688.0,
    "pct1ResTime" : 53182.299999999996,
    "pct2ResTime" : 64207.899999999994,
    "pct3ResTime" : 79494.94,
    "throughput" : 32.04564724418561,
    "receivedKBytesPerSec" : 7466.199570179411,
    "sentKBytesPerSec" : 8.160082785979585
  }
}