{
  "Total" : {
    "transaction" : "Total",
    "sampleCount" : 3000,
    "errorCount" : 0,
    "errorPct" : 0.0,
    "meanResTime" : 378.5976666666662,
    "medianResTime" : 251.0,
    "minResTime" : 55.0,
    "maxResTime" : 2173.0,
    "pct1ResTime" : 887.8000000000002,
    "pct2ResTime" : 1154.8499999999995,
    "pct3ResTime" : 1465.9899999999998,
    "throughput" : 210.51154304961057,
    "receivedKBytesPerSec" : 9736.315790339275,
    "sentKBytesPerSec" : 53.73416777769981
  },
  "HTTP Request" : {
    "transaction" : "HTTP Request",
    "sampleCount" : 3000,
    "errorCount" : 0,
    "errorPct" : 0.0,
    "meanResTime" : 378.5976666666662,
    "medianResTime" : 251.0,
    "minResTime" : 55.0,
    "maxResTime" : 2173.0,
    "pct1ResTime" : 887.8000000000002,
    "pct2ResTime" : 1154.8499999999995,
    "pct3ResTime" : 1465.9899999999998,
    "throughput" : 210.51154304961057,
    "receivedKBytesPerSec" : 9736.315790339275,
    "sentKBytesPerSec" : 53.73416777769981
  }
}