{
  "Express" : {
    "transaction" : "Express",
    "sampleCount" : 14400,
    "errorCount" : 745,
    "errorPct" : 5.173611,
    "meanResTime" : 17360.48249999996,
    "medianResTime" : 9604.5,
    "minResTime" : 36.0,
    "maxResTime" : 93688.0,
    "pct1ResTime" : 53182.299999999996,
    "pct2ResTime" : 64207.899999999994,
    "pct3ResTime" : 79494.94,
    "throughput" : 32.04564724418561,
    "receivedKBytesPerSec" : 7466.199570179411,
    "sentKBytesPerSec" : 8.160082785979585
  },
  "Total" : {
    "transaction" : "Total",
    "sampleCount" : 42857,
    "errorCount" : 2192,
    "errorPct" : 5.1146836,
    "meanResTime" : 15773.255710852318,
    "medianResTime" : 6378.5,
    "minResTime" : 0.0,
    "maxResTime" : 692467.0,
    "pct1ResTime" : 45095.8,
    "pct2ResTime" : 61136.45000000001,
    "pct3ResTime" : 78939.86000000002,
    "throughput" : 54.10943597759212,
    "receivedKBytesPerSec" : 9966.796359619995,
    "sentKBytesPerSec" : 12.994494291582022
  },
  "FastAPI" : {
    "transaction" : "FastAPI",
    "sampleCount" : 14057,
    "errorCount" : 1447,
    "errorPct" : 10.293804,
    "meanResTime" : 24662.021839652836,
    "medianResTime" : 15867.0,
    "minResTime" : 0.0,
    "maxResTime" : 692467.0,
    "pct1ResTime" : 56085.2,
    "pct2ResTime" : 64879.0,
    "pct3ResTime" : 78741.42,
    "throughput" : 17.74882701427785,
    "receivedKBytesPerSec" : 1587.1918836040522,
    "sentKBytesPerSec" : 3.718904416026091
  },
  "Springboot" : {
    "transaction" : "Springboot",
    "sampleCount" : 14400,
    "errorCount" : 0,
    "errorPct" : 0.0,
    "meanResTime" : 5508.988263888902,
    "medianResTime" : 2964.0,
    "minResTime" : 37.0,
    "maxResTime" : 68668.0,
    "pct1ResTime" : 14349.599999999995,
    "pct2ResTime" : 25230.49999999999,
    "pct3ResTime" : 36549.66999999999,
    "throughput" : 85.63273073263558,
    "receivedKBytesPerSec" : 19517.58856659952,
    "sentKBytesPerSec" : 21.884123333060774
  }
}