{
  "Express" : {
    "transaction" : "Express",
    "sampleCount" : 21600,
    "errorCount" : 1598,
    "errorPct" : 7.398148,
    "meanResTime" : 50060.60486111119,
    "medianResTime" : 17038.5,
    "minResTime" : 66.0,
    "maxResTime" : 265991.0,
    "pct1ResTime" : 180112.0,
    "pct2ResTime" : 211228.35,
    "pct3ResTime" : 243440.72000000003,
    "throughput" : 21.467033196381614,
    "receivedKBytesPerSec" : 7305.756313363775,
    "sentKBytesPerSec" : 5.437935591011773
  },
  "Total" : {
    "transaction" : "Total",
    "sampleCount" : 64647,
    "errorCount" : 2016,
    "errorPct" : 3.1184742,
    "meanResTime" : 40410.769765031815,
    "medianResTime" : 17038.5,
    "minResTime" : 0.0,
    "maxResTime" : 1182353.0,
    "pct1ResTime" : 180112.0,
    "pct2ResTime" : 211228.35,
    "pct3ResTime" : 243440.72000000003,
    "throughput" : 52.50411159164281,
    "receivedKBytesPerSec" : 13812.473074785283,
    "sentKBytesPerSec" : 13.249282057724715
  },
  "FastAPI" : {
    "transaction" : "FastAPI",
    "sampleCount" : 21447,
    "errorCount" : 396,
    "errorPct" : 1.8464121,
    "meanResTime" : 54852.68098102286,
    "medianResTime" : 59725.0,
    "minResTime" : 0.0,
    "maxResTime" : 1182353.0,
    "pct1ResTime" : 119361.0,
    "pct2ResTime" : 122672.0,
    "pct3ResTime" : 135545.87000000002,
    "throughput" : 17.418798365246545,
    "receivedKBytesPerSec" : 1576.8438284196684,
    "sentKBytesPerSec" : 4.329348350637479
  },
  "Springboot" : {
    "transaction" : "Springboot",
    "sampleCount" : 21600,
    "errorCount" : 22,
    "errorPct" : 0.10185185,
    "meanResTime" : 16421.320324073993,
    "medianResTime" : 13345.5,
    "minResTime" : 39.0,
    "maxResTime" : 271818.0,
    "pct1ResTime" : 42315.60000000002,
    "pct2ResTime" : 55608.05000000005,
    "pct3ResTime" : 79965.93000000001,
    "throughput" : 58.62380615061433,
    "receivedKBytesPerSec" : 20937.50917322198,
    "sentKBytesPerSec" : 14.95817752903371
  }
}