{
  "Express" : {
    "transaction" : "Express",
    "sampleCount" : 3000,
    "errorCount" : 0,
    "errorPct" : 0.0,
    "meanResTime" : 711.2016666666672,
    "medianResTime" : 608.0,
    "minResTime" : 34.0,
    "maxResTime" : 3292.0,
    "pct1ResTime" : 1696.0,
    "pct2ResTime" : 1897.0,
    "pct3ResTime" : 2382.8499999999967,
    "throughput" : 129.27134054380144,
    "receivedKBytesPerSec" : 6743.018968886004,
    "sentKBytesPerSec" : 32.95510244753738
  },
  "Total" : {
    "transaction" : "Total",
    "sampleCount" : 9000,
    "errorCount" : 5,
    "errorPct" : 0.055555556,
    "meanResTime" : 1169.22377777778,
    "medianResTime" : 479.0,
    "minResTime" : 19.0,
    "maxResTime" : 14418.0,
    "pct1ResTime" : 3257.800000000001,
    "pct2ResTime" : 5355.849999999975,
    "pct3ResTime" : 8367.97,
    "throughput" : 114.8721090519222,
    "receivedKBytesPerSec" : 5658.909346660891,
    "sentKBytesPerSec" : 29.324508622587686
  },
  "FastAPI" : {
    "transaction" : "FastAPI",
    "sampleCount" : 3000,
    "errorCount" : 5,
    "errorPct" : 0.16666667,
    "meanResTime" : 2417.8719999999994,
    "medianResTime" : 1436.5,
    "minResTime" : 19.0,
    "maxResTime" : 14418.0,
    "pct1ResTime" : 6622.700000000001,
    "pct2ResTime" : 7696.0,
    "pct3ResTime" : 10236.839999999997,
    "throughput" : 38.2907030173074,
    "receivedKBytesPerSec" : 1890.6258226518228,
    "sentKBytesPerSec" : 9.789170292317609
  },
  "Springboot" : {
    "transaction" : "Springboot",
    "sampleCount" : 3000,
    "errorCount" : 0,
    "errorPct" : 0.0,
    "meanResTime" : 378.5976666666662,
    "medianResTime" : 251.0,
    "minResTime" : 55.0,
    "maxResTime" : 2173.0,
    "pct1ResTime" : 887.8000000000002,
    "pct2ResTime" : 1154.8499999999995,
    "pct3ResTime" : 1465.9899999999998,
    "throughput" : 210.51154304961057,
    "receivedKBytesPerSec" : 9736.315790339275,
    "sentKBytesPerSec" : 53.73416777769981
  }
}