{
  "Total" : {
    "transaction" : "Total",
    "sampleCount" : 21600,
    "errorCount" : 22,
    "errorPct" : 0.10185185,
    "meanResTime" : 16421.320324073993,
    "medianResTime" : 13345.5,
    "minResTime" : 39.0,
    "maxResTime" : 271818.0,
    "pct1ResTime" : 42315.60000000002,
    "pct2ResTime" : 55608.05000000005,
    "pct3ResTime" : 79965.93000000001,
    "throughput" : 58.62380615061433,
    "receivedKBytesPerSec" : 20937.50917322198,
    "sentKBytesPerSec" : 14.95817752903371
  },
  "HTTP Request" : {
    "transaction" : "HTTP Request",
    "sampleCount" : 21600,
    "errorCount" : 22,
    "errorPct" : 0.10185185,
    "meanResTime" : 16421.320324073993,
    "medianResTime" : 13345.5,
    "minResTime" : 39.0,
    "maxResTime" : 271818.0,
    "pct1ResTime" : 42315.60000000002,
    "pct2ResTime" : 55608.05000000005,
    "pct3ResTime" : 79965.93000000001,
    "throughput" : 58.62380615061433,
    "receivedKBytesPerSec" : 20937.50917322198,
    "sentKBytesPerSec" : 14.95817752903371
  }
}